{"cameraMode":{"drawMode":0,"name":"Shaded","section":"Shading Mode"},"sceneLighting":true,"audioPlay":false,"sceneViewState":{"m_AlwaysRefresh":false,"showFog":true,"showSkybox":true,"showFlares":true,"showImageEffects":true,"showParticleSystems":true,"showVisualEffectGraphs":true,"m_FxEnabled":true},"in2DMode":false,"pivot":{"x":-0.1549079418182373,"y":0.04076036810874939,"z":-0.2736940383911133},"rotation":{"x":-0.1213185116648674,"y":-0.7750470638275147,"z":-0.15670663118362428,"w":0.6000245809555054},"size":0.7385279536247253,"orthographic":true}